pesan;label
yolls deh vaccine ke bead vaccine nih viral kot weh cari yang mampu milik sudah lah cantik babe jom lah jadi gen;1
thank you dbctssi and aventus aventus filo;1
staf kami sentiasa mementingkan aspek kebersihan di ppv wtckl dengan mensanitasi kerusi roda yang disediakan sebelu;1
lengkap sudah dua dosis vaksin astra zeneca diterima sehat dan baikbaik selalu;1
lengkap sudah dua dosis vaksin astra zeneca diterima sehat dan baikbaik selalu;1
vaksin pfizer tanggal sept jam habis maghrib mulai terasa pegal di area bekas suntikan semalaman tidurnya terb;0
selesai;2
masih raguragu sama ada anda perlu ambil vaksin atau tidak;0
tak mintak banyak cameron highland pun jadi lah kuala lumpur malaysia;0
makubaliano ya chanjo kati ya eu nya;0
enggak paham juga kenapa jadwalnya bisa beda vaksin via sms terjadwal di minggu ke yang di sertifi;1
jam setelah indak shot masih segar bugar sehat wal afiat;1
juta ribu dos disampaikan kepada kementerian kesihatan;2
warga twitterjaya sekelian siapa yang deh ambik second dose az share sikit simptom apa yang korang alami lepas su;2
alhamdulillah sudah jam setelah vaksin belum ada efek apa semoga enggak berefek apa sih ayo;1
you rwanda rwakiriye dose saja zo mu bwoko bwa rwahawe nu bugereki izi nkingo zageze i;1
alhamdulillah complete second dose;1
alhamdulillah kehebatan air hijau;2
indonesia kembali kedatangan vaksin covid tahap ke yang tiba kamis sore di bandara soekarn;2
kuri uyu gua gatanu you rwakiriye doze zinkingo saja zatanzwe ku bufatanye bwingabo zu;2
sangat selesa apabila menunggu giliran anda untuk vaksinasi di wtckl;2
indonesia kembali kedatangan vaksin ribu dosis astrazeneca yang merupakan vaksin tahap ke dosesharing peme;2
indak dose completed alhamdulillah;2
gabungan vaksin sinovacastrazeneca di thailand tunjukkan hasil positif berhasil tingkatkan kekebalan;1
kami sentiasa memastikan penerimapenerima vaksin menjaga penjarakan sosial di wtckl;1
doc itu mention rvd dalam borangmmg cmtu eh;2
yeayyyhuu alhamdulillah settle dos kedua setelah dua purnama menunggu dengan penuh;1
hari paska vaksin ke tidak ada reaksi apa selain tangan pegel selama hari alhamdulillah waktu;1
nyuma ya nya you rugiye gukoresha ubundi bwoko bwurukingo rwa ari bwo johnson;1
done my indak dose alhamdulillah;1
indonesia kembali kedatangan vaksin ribu dosis astrazeneca kedatangan vaksin tahap ke ini merupakan dosesh;2
berikut rangkuman berita terhangat korea utara beralasan tiga juta vaksin harusnya dikirim;2
dosis done yuk ikut vaksin biar tambah sehat bjar tidak gampang di sakitin buaya xixixi;1
solusi berhenti merokok itu tidak mahal guys;1
hasil live draw sydneyresult shio babiselamat kepada para pemenang salam jackpot;2
hasil untuk pasaran sydney hari ini adalah result shio babi selamat untuk pemenang;2
hasil pengeluaran angkapasaran sydney sudah hari iniresult shio babiselamat kepada para pemenangsalam;2
kapald kapald agen slot online terpercaya link;2
yuk mengenal vaksin merah putih lebih lanjut kalau kaliang bagaimana nih sobat mysc sudah pada vaksin belum kalau si;2
saya sudah kali;2
ask trevor ombija has a full storyyake nih yake yangu nih yetu;2
jenis vaksin apa sih yang paling bagus halo sobat ksr uns ramai dibincangkan mengenai jenis vaksin yang leb;2
vaksin second dose di cakung;2
after effect dosis ke dua di gue lebih berat dari dosis pertama yang pertama kena meriang tapi ringan;1
hal yang membuat vaksin ini bisa digunakan dengan alasan kedaruratan terlebih vaksin saat ini dibutuhkan oleh masyarakat;1
selama bulan agustus jumlah vaksin yang diterima mencapai juta dosis dan di september diperkirakan jumlah vaksi;2
hari sakit di tempat kena suntik beransur hilang tapi macam mau demam sikit;0
sambat bersama akibat wis mboh wis mboh;2
jawa pos radar malang menggelar vaksinasi massal untuk para agen loper dan keluarga karyawan dengan total oran;2
imunizadah;2
ngantuk banget laper banget cant decide;2
kuat betol penangan vaksin nih sampai demam tulang aku dibuatnya hurmm;2
september mulai hari ini vaksinasi dengan astrazeneca dimulai dengan catatan un;2
efek vaksin astra dose buat badanku cuman lemes sharian;0
sehingga ogos semua negeri telah berjaya mencapai nilai ambang populasi dewasa lengkap divaksinasi yan;0
vaksin kedua semoga tidak mletre;0
done cucuk;2
indak dosesmpn cikini jakarta;2
sambutan hari merdeka di ppv wtckl tahun ini meraikan petugas barisan hadapan yang berbilang bangsa membanting tul;2
al fin dah dosis;2
terbaru ada vaksin sputnik tapi dari rusia yang mendapatkan izin penggunaan darurat eua dari badan pengawas obat dah;2
complete indak dose az vaccine is a big flex tau act alhamdulillah deh boleh buat rasengan;1
penggunaan vaksin astrazeneca sinopharm dan pfizer untuk atasi covid mui sampaikan boleh digunakan;1
selamat hari kemerdekaan ke semoga negara malaysia segera capai imuniti kelompok;1
hari pertama dapat dosis vaksin sok far yang kerasa pegel di area injection bismillah gue degdegan sama side effect nya;0
akhirnya vaksin kedua di thank you jakarta sehatindonesia sehat ynwa;1
kembali mendatangkan virus covid dari berbagai merek seperti dan pada h;1
sebanyak karyawan di salah satu pabrik rokok di jalan mastrip kepanjenkidul kota blitar menjalan;1
dari aku yang kena efek demam nyeri otot kepala pusing setelah disuntik vaksin kalo kalian bagaimana sih;0
alhamdulillah fully vaccinated sok nak pergi mana lepas nih pwtc kuala lumpur;1
saya sudah vaksin tahap alhamdulillah sampai dengan saat ini saya tidak merasakan efek apa dan semoga kak;1
gaiss yang dakian apa mempan pakai sarung tangan ini ada hal penting sebelum kalian pakeklik disini;2
indonesia kembali kedatangan dua jenis vaksin covid yang tiba hari ini kali ini jumlah vaksi;2
masyarakat umum pada bulan ini sudah bisa mendapatkan suntikan vaksin covid asal perusahaan farmasi a;2
alhamdulillah lengkap dua dos untuk mak;1
akhirnya setelah bulan;2
aku yang dakdak astrazaneca yang belum second dose nih pun deh rasa terhina nak pergi mana tak boleh macam mana lah;0
vaksinasi sinovac diijinkan saudiarab saudi memberikan ijin bagi individu yang sudah vaksinasi sinovac dan sinoph;2
hari ke penangan indak dose seram sejuk sakit kepala badan sakit semalam demam teruk hari ini dt;0
bersiap sudah siap;2
well vaksin tidak menakutkan seperti yang dibayangin sih memang gejalagejala umum memang ada sih tapi selama;1
hari kedua waduh badan demam badannya njarem dan pusing cekotcekot begitu langsung saja minum paracetamol dan di;0
hari pertama pas vaksin tidak ada reaksi apaapa selain ngantuk bahkan bekas suntik juga tidak ada rasa seharian tid;1
pening aku nk cari tweet nidos kedua jun tepat cucuk mlpusat konvensyen setia spice penang;2
day stamina back itu normal sakit sikit saja di tempat kena jarum migraine ringan menyerang masa petang tapi sekejap saja;0
juta dos;2
info vaksinrsui depok bisa drive thru pendaftaran baru dibuka hari sebelumnya misal hari jumat baru dibuka;2
hari ke penangan indak dose seram sejuk sakit kepala badan sakit semalam demam teruk hari ini dt;0
day tempat kena suntik masih sakit tapi boleh tahan pening kadang datang selera makan bertambah tidur siok oo;0
ada satu lagi orang di balik terciptanya vaksin yaitu bernama lengkap;2
tadi bagi baru dapat dosis sekarang badan mulai kerasa nggreges meriang;0
belum lama ini warga sempat dikejutkan dengan pembatalan pelaksanaan oleh badan pengel;2
memang bukan tipe inactivated virus dia tipenya sama dengan nah kalo mau li;2
stay strong all tenangkan diri dan jangan stres;1
dos day ok macam biasaday mula bekerja badan mula lesu bila petang malam badan ra;0
vaksin az dosis sudah dilalui akhir juni lalu dengan aman sehat baik saja tidak ada keluhan indak sabar menanti vaksin di;1
saya pakai pacu jantung dan sudah disuntik vaksin tapi tentu saja sebelumnya konsultasi sama dokter jantu;2
hari ini vaksin untung enggak ngalamin kipi anehaneh yang penting tidur cukup sarapan dan jangan tegang;2
wah lagi rame ya vaksin aku kemarin divaksin astra aku tanya kenapa karena teman ku yang datang bareng;2
badan kayak di kroyok satu kampung habis vaksin;0
